Epoch,Train Loss,Validation Loss
1,81.8860855102539,67.38142395019531
